{
    "query": [
        "江",
        "南",
        "好",
        "风",
        "景"
    ],
    "P_R_list": {
        "江": [
            136.0,
            11.5,
            1.0,
            0.5,
            1.0,
            13.666666666666666,
            18.142857142857142,
            1.5,
            1.8888888888888888,
            0.9
        ],
        "南": [
            16.0,
            2.0,
            7.666666666666667,
            19.0,
            32.2,
            2.0,
            2.857142857142857,
            5.125,
            1.4444444444444444,
            0.1
        ],
        "好": [
            56.0,
            88.0,
            44.333333333333336,
            24.75,
            29.2,
            29.666666666666668,
            17.571428571428573,
            6.875,
            2.111111111111111,
            3.8
        ],
        "风": [
            161.0,
            48.0,
            34.333333333333336,
            38.0,
            31.2,
            21.166666666666668,
            8.0,
            14.125,
            7.111111111111111,
            6.8
        ],
        "景": [
            76.0,
            60.0,
            21.0,
            0.25,
            7.2
        ]
    },
    "col_sum": [
        445.0,
        209.5,
        108.33333333333334,
        82.5,
        100.80000000000001,
        66.5,
        46.57142857142857,
        27.625,
        12.555555555555555,
        11.6
    ]
}