{
    "query": [
        "东",
        "南",
        "西",
        "北"
    ],
    "P_R_list": {
        "东": [
            93.0,
            26.0,
            22.333333333333332,
            10.25,
            16.0,
            8.333333333333334,
            15.142857142857142,
            14.375,
            12.88888888888889,
            11.0
        ],
        "南": [
            3.0,
            0.5,
            16.666666666666668,
            18.25,
            21.0,
            5.0,
            7.857142857142857,
            3.125,
            2.2222222222222223,
            0.9
        ],
        "西": [
            27.0,
            8.0,
            35.0,
            13.0,
            20.4,
            1.6666666666666667,
            16.285714285714285,
            5.875,
            5.111111111111111,
            10.4
        ],
        "北": [
            80.0,
            8.0,
            3.6666666666666665,
            1.5,
            8.4,
            8.333333333333334,
            7.428571428571429,
            8.375,
            7.777777777777778,
            7.3
        ]
    },
    "col_sum": [
        203.0,
        42.5,
        77.66666666666667,
        43.0,
        65.8,
        23.333333333333336,
        46.714285714285715,
        31.75,
        28.0,
        29.6
    ]
}