{
    "query": [
        "江",
        "河",
        "湖",
        "海"
    ],
    "P_R_list": {
        "江": [
            83.0,
            13.0,
            0.6666666666666666,
            1.5,
            0.2,
            12.833333333333334,
            13.857142857142858,
            3.375,
            4.444444444444445,
            2.2
        ],
        "河": [
            30.0,
            4.5,
            12.0,
            23.5,
            19.8,
            17.666666666666668,
            6.857142857142857,
            14.125,
            4.666666666666667,
            10.3
        ],
        "湖": [
            33.0,
            5.5,
            31.0,
            0.25,
            8.6,
            13.166666666666666,
            11.857142857142858,
            5.875,
            11.333333333333334,
            2.8
        ],
        "海": [
            94.0,
            19.5,
            31.0,
            28.75,
            7.2,
            17.666666666666668,
            6.857142857142857,
            12.875,
            12.666666666666666,
            10.7
        ]
    },
    "col_sum": [
        240.0,
        42.5,
        74.66666666666666,
        54.0,
        35.800000000000004,
        61.33333333333333,
        39.42857142857142,
        36.25,
        33.11111111111111,
        26.0
    ]
}