{
    "query": [
        "春",
        "眠",
        "不",
        "觉",
        "晓"
    ],
    "P_R_list": {
        "春": [
            67.0,
            10.0,
            7.0,
            9.75,
            23.2,
            29.5,
            0.5714285714285714,
            3.375,
            4.444444444444445,
            0.7
        ],
        "眠": [
            29.0,
            33.5,
            39.666666666666664,
            43.25,
            22.6,
            8.5,
            12.571428571428571,
            9.0,
            2.4444444444444446,
            7.0
        ],
        "不": [
            67.0,
            22.5,
            13.0,
            44.25,
            30.2,
            23.833333333333332,
            20.142857142857142,
            12.125,
            20.666666666666668,
            4.7
        ],
        "觉": [
            82.0,
            96.0,
            58.666666666666664,
            44.25,
            13.4,
            32.5,
            7.285714285714286,
            3.0,
            4.222222222222222,
            3.2
        ],
        "晓": [
            1.0,
            93.0,
            9.333333333333334,
            47.75,
            4.6,
            21.666666666666668,
            21.0,
            3.75,
            5.555555555555555,
            2.4
        ]
    },
    "col_sum": [
        246.0,
        255.0,
        127.66666666666666,
        189.25,
        94.0,
        116.0,
        61.57142857142857,
        31.25,
        37.333333333333336,
        18.0
    ]
}