{
    "query": [
        "面",
        "白",
        "如",
        "玉"
    ],
    "P_R_list": {
        "面": [
            89.0,
            62.5,
            15.333333333333334,
            10.5,
            24.6,
            16.833333333333332,
            16.428571428571427,
            8.25,
            0.5555555555555556
        ],
        "白": [
            2.0,
            12.0,
            39.0,
            4.75,
            1.8,
            15.0,
            0.14285714285714285,
            10.625,
            5.333333333333333,
            4.7
        ],
        "如": [
            47.0,
            61.5,
            29.666666666666668,
            22.5,
            9.6,
            7.666666666666667,
            7.0,
            5.25,
            3.7777777777777777,
            12.8
        ],
        "玉": [
            89.0,
            18.0,
            0.3333333333333333,
            16.75,
            16.6,
            7.666666666666667,
            10.285714285714286,
            16.375,
            6.0,
            1.9
        ]
    },
    "col_sum": [
        227.0,
        154.0,
        84.33333333333333,
        54.5,
        52.6,
        47.166666666666664,
        33.857142857142854,
        40.5,
        15.666666666666666,
        19.4
    ]
}