{
    "query": [
        "田",
        "屋",
        "洒",
        "月",
        "夜"
    ],
    "P_R_list": {
        "田": [
            64.0,
            76.0,
            45.666666666666664,
            36.0,
            15.0,
            18.333333333333332,
            9.714285714285714,
            6.25,
            3.4444444444444446,
            11.7
        ],
        "屋": [
            95.0,
            63.5,
            46.333333333333336,
            19.75,
            24.6,
            5.5,
            8.142857142857142
        ],
        "洒": [
            135.0,
            57.0
        ],
        "月": [
            115.0,
            12.0,
            35.0,
            31.5,
            25.4,
            1.0,
            4.428571428571429,
            0.875,
            0.1111111111111111,
            3.2
        ],
        "夜": [
            127.0,
            57.5,
            6.666666666666667,
            16.25,
            14.4,
            1.0,
            4.285714285714286,
            0.125,
            0.5555555555555556,
            1.4
        ]
    },
    "col_sum": [
        536.0,
        266.0,
        133.66666666666666,
        103.5,
        79.4,
        25.833333333333332,
        26.57142857142857,
        7.25,
        4.111111111111112,
        16.299999999999997
    ]
}