{
    "query": [
        "镜",
        "花",
        "水",
        "月"
    ],
    "P_R_list": {
        "镜": [
            2.0,
            26.5,
            41.333333333333336,
            17.75,
            35.0,
            8.0,
            4.0,
            3.375,
            1.1111111111111112
        ],
        "花": [
            159.0,
            3.5,
            12.333333333333334,
            34.5,
            6.8,
            28.166666666666668,
            4.571428571428571,
            2.75,
            0.4444444444444444,
            16.2
        ],
        "水": [
            37.0,
            4.5,
            0.3333333333333333,
            17.75,
            27.6,
            2.8333333333333335,
            1.8571428571428572,
            1.375,
            9.333333333333334,
            8.0
        ],
        "月": [
            138.0,
            4.0,
            40.0,
            17.75,
            31.8,
            5.833333333333333,
            10.428571428571429,
            1.875,
            0.5555555555555556,
            6.5
        ]
    },
    "col_sum": [
        336.0,
        38.5,
        94.0,
        87.75,
        101.2,
        44.83333333333334,
        20.857142857142858,
        9.375,
        11.444444444444445,
        30.7
    ]
}