{
    "query": [
        "春",
        "花",
        "风",
        "月",
        "夜"
    ],
    "P_R_list": {
        "春": [
            106.0,
            33.0,
            23.0,
            29.25,
            27.6,
            25.0,
            2.7142857142857144,
            10.125,
            10.666666666666666,
            1.3
        ],
        "花": [
            106.0,
            15.0,
            39.0,
            37.5,
            5.2,
            35.5,
            8.0,
            4.5,
            5.111111111111111,
            21.5
        ],
        "风": [
            106.0,
            33.5,
            19.333333333333332,
            32.75,
            42.6,
            33.833333333333336,
            32.285714285714285,
            23.75,
            0.8888888888888888,
            4.9
        ],
        "月": [
            150.0,
            14.5,
            49.0,
            44.75,
            21.2,
            1.1666666666666667,
            14.714285714285714,
            3.375,
            0.1111111111111111,
            7.5
        ],
        "夜": [
            106.0,
            75.0,
            2.6666666666666665,
            34.0,
            11.6,
            1.1666666666666667,
            5.571428571428571,
            0.125,
            2.5555555555555554,
            4.0
        ]
    },
    "col_sum": [
        574.0,
        171.0,
        132.99999999999997,
        178.25,
        108.2,
        96.66666666666669,
        63.285714285714285,
        41.875,
        19.33333333333333,
        39.2
    ]
}