{
    "query": [
        "离",
        "人",
        "心",
        "秋",
        "愁"
    ],
    "P_R_list": {
        "离": [
            28.0,
            3.5,
            15.666666666666666,
            38.0,
            20.4,
            27.333333333333332,
            3.7142857142857144,
            21.875,
            8.666666666666666,
            3.9
        ],
        "人": [
            102.0,
            75.5,
            48.0,
            25.0,
            8.0,
            14.833333333333334,
            21.428571428571427,
            16.375,
            5.666666666666667,
            0.1
        ],
        "心": [
            151.0,
            51.0,
            43.333333333333336,
            6.5,
            17.8,
            0.3333333333333333,
            12.0,
            14.5,
            16.555555555555557,
            6.0
        ],
        "秋": [
            102.0,
            1.5,
            41.0,
            2.75,
            1.2,
            1.5,
            0.7142857142857143,
            6.375,
            16.77777777777778,
            2.0
        ],
        "愁": [
            18.0,
            65.5,
            25.0,
            19.75,
            29.8,
            20.666666666666668,
            26.714285714285715,
            18.0,
            23.88888888888889,
            10.2
        ]
    },
    "col_sum": [
        401.0,
        197.0,
        173.0,
        92.0,
        77.2,
        64.66666666666667,
        64.57142857142857,
        77.125,
        71.55555555555556,
        22.2
    ]
}