{
    "query": [
        "月",
        "明",
        "相",
        "思"
    ],
    "P_R_list": {
        "月": [
            101.0,
            2.5,
            22.0,
            37.25,
            31.6,
            1.6666666666666667,
            6.571428571428571,
            0.375,
            0.7777777777777778,
            3.1
        ],
        "明": [
            34.0,
            50.5,
            6.666666666666667,
            29.0,
            13.2,
            19.166666666666668,
            5.857142857142857,
            1.25,
            0.1111111111111111,
            0.8
        ],
        "相": [
            85.0,
            50.5,
            2.0,
            39.75,
            31.6,
            0.8333333333333334,
            5.571428571428571,
            18.125,
            5.555555555555555,
            1.1
        ],
        "思": [
            6.0,
            79.0,
            54.0,
            0.25,
            0.4,
            3.1666666666666665,
            2.857142857142857,
            14.5,
            3.7777777777777777,
            15.3
        ]
    },
    "col_sum": [
        226.0,
        182.5,
        84.66666666666667,
        106.25,
        76.80000000000001,
        24.833333333333336,
        20.857142857142858,
        34.25,
        10.222222222222221,
        20.3
    ]
}